location,longitude,latitude
S0000508-He thong lien cap Lomonoxop - Tieu hoc,105.78164,21.015053
S0000331-Truong THCS Le Quy Don,105.765046,21.035681
S0000348- Cau Dien,105.760372,21.032623
S0000238-He thong lien cap Lomonoxop - Mam non,105.733799,21.006896
S0000304-Cum chung cu Van phong Quoc hoi,105.755545,21.031109
S0000334-Truong mam non GCA Ecohome 1,105.78218,21.086753
S0000632-Dai hoc Tai nguyen và Moi truong Ha Noi,105.762502,21.046955
S0000352-Dai hoc Mo Dia Chat,105.7738975,21.0723289
